,A,B,C,D
2000-01-01,-0.16586245941343492,1.0188394501914562,0.5921511481881592,-0.21786495591742738
2000-01-02,0.838702606575716,1.891969934999957,0.3479657801990455,0.41313847213234145
2000-01-03,1.221276976447084,0.8037055718520763,-0.6706998865394438,2.952874846887118
2000-01-04,0.7264211253758286,0.015053335329044404,1.015737679520453,1.9879518450695757
2000-01-05,1.271339576192669,1.2232259753364434,0.34611023817370157,1.4220112766151263
2000-01-06,2.8480692600064295,0.12354777300927733,-0.2908722467387377,1.9460285913055757
2000-01-07,4.52648053857793,0.4955185865862848,-0.17977893957687477,1.1690698667293955
2000-01-08,3.5317234303826046,0.40460837217036305,-1.2565642660859049,1.8597324285355086
2000-01-09,3.2518534908427066,1.139507749837934,-2.8321497605575514,3.035043866751847
2000-01-10,4.345798894657309,1.2128801855181948,-4.038890790117375,1.9279633063453834
2000-01-11,4.56055596527321,0.4602116967551221,-5.096438824647281,2.2588110943367457
2000-01-12,3.4083052710829502,-0.7255905463835904,-4.903574722083156,2.265536956928233
2000-01-13,3.281296288211792,-2.04923621680301,-3.2480117429219577,0.8841267689811123
2000-01-14,2.146630254278639,-2.019306334970277,-2.9488549823988355,0.24158907190229717
2000-01-15,3.8828644446157634,-1.37549609328032,-3.9055261207259915,0.7454112916867254
2000-01-16,3.4211249035961924,-0.7521796457801022,-2.9374924875775887,0.7702362596404293
2000-01-17,3.909749371832951,-1.7956562226476829,-2.470512685979951,1.7957362025332528
2000-01-18,4.244584919861694,-2.724445339758775,-2.960060681369949,2.020729866504644
2000-01-19,3.0771260612588986,-3.864395174724806,-4.142009328615725,1.8844864034888844
2000-01-20,3.713009362935104,-2.6285054409919644,-4.854904523196363,1.7331099839270112
2000-01-21,3.002346272338823,-2.4199161218746488,-4.981557276158297,2.96238373026251
2000-01-22,1.8324102539995681,-3.3381194939446446,-5.353210377052443,2.9178156174646412
2000-01-23,2.6382903957985224,-4.045332687553866,-7.468763083135249,3.679363966783826
2000-01-24,0.8052955430087692,-3.971429904877153,-6.696307977500125,2.4365984111386387
2000-01-25,1.0685748427316468,-4.690145628266482,-5.274022069195775,0.6069423240732674
2000-01-26,-0.5011120373797311,-5.196753984380248,-5.643603892784336,1.8958147492770767
2000-01-27,-0.7370175440797918,-5.509104571883071,-6.6040433315939095,0.8104000310653565
2000-01-28,0.40673882745328516,-5.4419862923887194,-6.408728462650765,0.882235049714195
2000-01-29,0.8534579679717157,-4.046214357134979,-6.274847349382315,0.7392086087569587
2000-01-30,1.1156251568189224,-4.081161968017971,-7.772243439464583,-1.668785317852898
2000-01-31,1.6312604314032004,-3.411239264920004,-9.678403221742617,-1.2439766589708932
2000-02-01,1.4391208418646617,-2.8674606505657905,-9.962421121380734,0.13763596860509164
2000-02-02,0.9156032230604184,-5.245109854072351,-11.072996211767267,-0.8117665772238655
2000-02-03,0.45949066114604903,-4.98623165859193,-10.095023661970336,0.11790408457554524
2000-02-04,0.006887201331982451,-4.484176245251265,-9.288403836606461,-0.15571116115458178
2000-02-05,-1.2517862632911116,-4.9692691628567385,-10.347540178865204,-0.5139739096750753
2000-02-06,-0.486515029030677,-4.052446429135046,-10.940529815043043,-1.2745558700081352
2000-02-07,-1.960008299423176,-4.979515099158263,-11.274846435928499,-0.8593020571661802
2000-02-08,-1.2912119260481405,-5.935162873847406,-11.26318777595489,-1.1943891901690784
2000-02-09,-1.2803938367411327,-5.614839410240436,-11.036959749502941,-3.91689340471403
2000-02-10,-2.6472510802740716,-6.552433281936116,-11.964117801448293,-4.744955820150379
2000-02-11,-2.529639346112975,-4.998621381542958,-14.60438315347266,-3.863968835546615
2000-02-12,-2.2283466171331034,-5.496194978031471,-15.926188974871184,-3.3174887860212756
2000-02-13,-3.2265043934318216,-3.915042839103381,-15.149134802415084,-2.32495585493108
2000-02-14,-2.5815241596717877,-4.224592769855164,-15.504332207303602,-3.7278164978676553
2000-02-15,-1.6363187152141117,-3.0591625073286997,-15.713912323026758,-2.7964753477673168
2000-02-16,-2.705546403047144,-3.2610853943951796,-16.55867888618995,-0.17258651683677462
2000-02-17,-2.1120836025828202,-2.4478071568165203,-17.155184850468515,0.026389255810631673
2000-02-18,-2.8516101873871613,-3.322470330755211,-15.761622232597425,1.4082651529870014
2000-02-19,-1.5911328350073712,-2.867921656499392,-17.990210449266968,0.8466081386739573
2000-02-20,-1.2290504838427778,-4.572446750232063,-18.28188423923156,1.6777443088469761
2000-02-21,-0.2568181407656296,-4.5707467383300004,-17.502272805215195,2.530555036330622
2000-02-22,-0.3267033847403131,-4.596621755134318,-17.705233118714617,3.2421566721182042
2000-02-23,-1.9682789337241664,-4.63317968918078,-18.488148450386443,2.499609472533426
2000-02-24,-2.4566529554085617,-5.22010167685181,-18.39545105326997,2.2986014150893515
2000-02-25,-2.5846059819318468,-5.532747357218935,-17.149753341782414,3.262851892509385
2000-02-26,-2.7769056015043403,-5.69882046344246,-16.736759666893207,2.7423726085083917
2000-02-27,-3.0966708887902725,-6.821436480365484,-18.8814857416122,3.8927002692695893
2000-02-28,-2.1482330511230616,-7.225757583727111,-19.49961507189335,4.251547774098975
2000-02-29,-3.885566819308615,-6.719247335392756,-19.853544558015038,5.5214030181695115
2000-03-01,-0.708847322866605,-7.0697364930937265,-19.91280421371733,5.372823243469666
2000-03-02,-0.8972345160076485,-6.406814146258828,-20.43886420305233,5.46678818289261
2000-03-03,0.23569392699968894,-6.427442017497403,-19.62063608398237,8.0279673346676
2000-03-04,2.0315804762865968,-6.948643093790691,-19.318470165899104,9.440673702880886
2000-03-05,-0.798674667568684,-6.258479712128883,-19.041674800486835,10.354926028314377
2000-03-06,-0.9110796392691182,-8.075815841377239,-17.18831204877107,10.836394823357375
2000-03-07,-1.9234596227867207,-7.415984274465154,-17.270222063544416,10.256493356708154
2000-03-08,-2.1832728133519277,-7.802051422994738,-19.262012172819205,10.570334693350029
2000-03-09,-2.5796612089709146,-8.283712327022105,-18.62143552264935,8.981710202113135
2000-03-10,-3.3597666219298525,-8.620499846472793,-20.484033458559516,10.232808532861
2000-03-11,-2.756889854222819,-8.664168676247458,-19.5166459995743,9.96159382248173
2000-03-12,-2.6222426331661475,-8.157269268815591,-20.048036580559423,10.460792550751375
2000-03-13,-2.149559885256281,-7.513012477385825,-19.545834219546457,9.122443370516763
2000-03-14,-3.4627328222414713,-7.167451973893153,-20.31721684775266,7.574720319436665
2000-03-15,-4.90937731758611,-6.030477909513316,-19.888463364676607,7.035835561142357
2000-03-16,-2.8164449978523733,-8.073518585458004,-20.834477385419714,7.7435472639813305
2000-03-17,-1.7170199021425863,-6.805384254064819,-20.66255726646193,7.722083610797694
2000-03-18,-1.804785152958509,-5.684268413869274,-18.890074439472116,8.038755952806893
2000-03-19,-1.081619566301336,-6.8255271723468285,-18.284985735697365,10.363223072468164
2000-03-20,-0.7939487391084484,-6.249578098488337,-18.480918792883262,10.99691490258468
2000-03-21,-0.6326196852219327,-5.798374421318148,-20.518493903294317,13.077508706828393
2000-03-22,-2.720460554327521,-4.565751365529103,-20.12612919855007,13.180355229656094
2000-03-23,-2.3974193431393953,-4.512990141696706,-20.55800235423389,12.754343567622193
2000-03-24,-3.0679137989442347,-4.6733663465722834,-20.198910477306995,14.072050793903523
2000-03-25,-1.5850759866652238,-3.7862776049557043,-20.161243372970354,14.266519973306002
2000-03-26,-1.2609764410572715,-4.0294277719179,-19.68737151658152,15.558421469197645
2000-03-27,-0.8526737821222109,-4.591068284645611,-20.416065427019074,16.45034323658646
2000-03-28,-1.245423005282171,-2.586037494569963,-21.237911248135884,15.136472930457833
2000-03-29,0.15908232733235406,-1.1045340752334671,-19.95297110457382,14.681040805288946
2000-03-30,0.3685588517308541,-1.8853954414786065,-20.136113092354783,13.626934230765439
2000-03-31,0.32740108527902967,-2.7244032124214157,-19.52681140895433,14.602988926533758
2000-04-01,0.007721519037248048,-2.953788095834943,-21.043391188386597,15.801227593184267
2000-04-02,-0.24119127630608475,-2.372530120035952,-21.35552215773694,17.620987570579008
2000-04-03,-1.2137133814099408,-1.8723298076749055,-20.901329446186523,18.11601581972609
2000-04-04,0.0013302245174400262,-0.3739258077789065,-20.217542672558476,19.48520042683829
2000-04-05,-1.5653985190955846,-0.683188811172621,-19.703177551839282,20.164019744389183
2000-04-06,0.15582406394651804,-1.723251217777414,-20.124780055336032,18.33936468551828
2000-04-07,0.33839127969050525,-1.4900333172168347,-21.222528818938358,18.537909551942302
2000-04-08,0.6706562421405987,-0.5996635278861651,-21.650303513807078,19.557408403590017
2000-04-09,0.7607987532719319,-1.6838292188250576,-20.881226987511386,20.54842682949373
2000-04-10,2.0851111915980134,-2.0594530149060644,-20.856048114774623,20.11822263359515
2000-04-11,1.9377536270976943,-3.544547991182589,-22.129685276364437,21.58813166452387
2000-04-12,1.8645143754451523,-3.4977161395715,-21.23598403260212,21.478377329717766
2000-04-13,3.8234733875702394,-3.829856764131908,-21.551442761098517,22.344604088885117
2000-04-14,2.5751851936221524,-4.199863075992012,-22.90784652929656,22.13676799154568
2000-04-15,3.2167040033502317,-3.429423145098215,-24.807826695673022,22.418612718351824
2000-04-16,3.2791136170490023,-4.1941587501730035,-23.70202601745844,22.83951610534488
2000-04-17,4.203160597282294,-4.501551659509484,-23.946920492715115,21.5109216747102
2000-04-18,3.431353541699762,-4.474657672707686,-25.047500455480805,20.93870292950855
2000-04-19,1.5752423747759206,-5.3256846272532865,-24.717212888854206,19.767387029427347
2000-04-20,2.6321455231663116,-5.911147581970156,-23.042776562759453,20.673021680650553
2000-04-21,3.505897474811042,-6.074624646742074,-20.23783602046001,20.046262436960056
2000-04-22,2.478779441366492,-5.533234899110867,-19.976448046637582,19.430628359750468
2000-04-23,2.39908712297659,-5.733547835416193,-20.581728195680714,18.32734448900213
2000-04-24,3.6082184073092574,-5.6120901714044775,-19.937864912484446,18.513119932026616
2000-04-25,2.751677042298497,-6.531529118072263,-20.24935109006806,18.633657897789067
2000-04-26,2.580568034941412,-6.003077499345561,-20.816144114057973,16.52344158269872
2000-04-27,2.11723889192294,-6.985099422955407,-20.988704674647902,17.417348728539036
2000-04-28,1.7711061458795991,-6.944365361633119,-19.976057112094118,17.630065827839136
2000-04-29,1.6757248965577347,-6.861557546503121,-19.331042392519496,17.615594367847503
2000-04-30,1.643418929103484,-6.215736222280013,-20.277415897082225,17.78998029980418
2000-05-01,0.6433507298835215,-5.686246042186871,-20.572741097339698,17.69463555939732
2000-05-02,-0.12448242035692958,-5.971808564858049,-20.30737623361658,17.34030397191494
2000-05-03,-1.1096843624483534,-6.297769891062303,-21.25831273637132,16.713670289559293
2000-05-04,-1.0817772256006548,-6.009865647884116,-20.861726727570087,16.825412480147
2000-05-05,-1.5806628949602428,-4.228755064054145,-19.79882719976969,16.657845391527015
2000-05-06,-3.1434205464019422,-3.409696652628517,-19.85539400626284,15.760283871419979
2000-05-07,-1.3856297488729017,-4.471165954637573,-19.625082433765147,15.469160691302744
2000-05-08,-2.2611705769034733,-5.460293645255692,-19.9481549887651,15.892085212952788
2000-05-09,-3.8532199374711746,-5.297607423541668,-22.027495331718193,15.805427812453347
2000-05-10,-5.011328214996315,-5.612678842332975,-22.11899998088563,15.706164349038529
2000-05-11,-5.646046729458597,-4.97147648939962,-21.888433263724878,17.630792526242644
2000-05-12,-7.993441313007136,-6.926462014719648,-21.6271991000997,18.586872837566823
2000-05-13,-8.632072339747012,-7.055468544270803,-22.513232022520317,18.874052505489626
2000-05-14,-7.481556907719124,-8.121743146754914,-22.04193693569058,20.369396311619443
2000-05-15,-7.389797631443973,-7.599970548069683,-21.834117369389833,19.49016802373283
2000-05-16,-7.840901650887307,-7.9484015496572304,-21.833944734453688,21.047940997497125
2000-05-17,-7.292082603298609,-7.418590610572625,-21.7163321108746,20.588983228695277
2000-05-18,-8.044461871056978,-5.512083248686411,-21.52906671787196,21.10443036746092
2000-05-19,-8.633296734221886,-7.007733436907152,-22.68627394161716,19.487215839673265
2000-05-20,-7.581373050907023,-8.576259113234938,-22.529959278459593,20.079548008193296
2000-05-21,-9.29613274768047,-8.600418051843247,-23.52788246802552,18.80924745314128
2000-05-22,-9.468528985604124,-8.97925749932877,-24.324529900533225,18.23095846724369
2000-05-23,-10.888577365353733,-8.079297027155677,-23.334363815641943,17.57684786846717
2000-05-24,-13.238700327579066,-8.542751386975365,-23.37200834926278,18.603423594459574
2000-05-25,-11.536307807667042,-7.79789297549841,-22.65888550052245,18.30318742144604
2000-05-26,-12.235688741833041,-7.4002049972155515,-24.101069447904738,18.365582122205886
2000-05-27,-12.717790495569677,-6.970425792454492,-25.14611445729698,16.728511196456108
2000-05-28,-12.585973641046118,-6.56316627672893,-25.554050142732414,15.680620851606996
2000-05-29,-13.967849747583744,-4.610710028019932,-24.838906348635476,16.94079833554538
2000-05-30,-13.998418522347388,-5.7451557996450155,-24.14928446468533,15.93250926605354
2000-05-31,-14.432042579834716,-6.815229235319919,-23.8035285683477,14.298922339713641
2000-06-01,-13.531430209975726,-5.954352174763087,-25.44499017463838,14.304060937430174
2000-06-02,-13.629511331580549,-5.037404980452797,-24.70565878122223,12.703471734246772
2000-06-03,-12.889381346625697,-6.307134386726057,-24.53407470864842,12.955829741420802
2000-06-04,-11.60275047106976,-7.2731370282052,-25.748346813862984,13.244912984647083
2000-06-05,-10.166222399476723,-6.066798313651946,-25.333694829233426,12.247419458561781
2000-06-06,-9.97692571427069,-6.295400945944142,-24.450663265897386,13.527984159242981
2000-06-07,-9.553491205463741,-7.04464911350553,-25.72428436070985,13.517268468578987
2000-06-08,-8.710547953503818,-8.169445650876975,-24.691460176789576,14.062570726207044
2000-06-09,-5.8974686903357245,-9.561709177707687,-25.215654664889367,15.199403616654966
2000-06-10,-7.486245483569984,-9.986161619819187,-23.742651896044414,14.18815265034673
2000-06-11,-7.618084967497346,-9.954971863391114,-24.095956062112457,12.188926598084594
2000-06-12,-7.67739493905939,-10.697960117607224,-24.28281832378831,11.849391651825862
2000-06-13,-8.222214922939578,-12.085471465866286,-24.675830533134448,11.848654645131226
2000-06-14,-8.851650836331284,-13.009984898342273,-23.31401347413008,14.07821778298467
2000-06-15,-9.322295983146303,-13.608379685512137,-22.788429649917894,15.392799086263247
2000-06-16,-7.696623392315193,-14.45314531432974,-22.807036905865985,15.627726510704534
2000-06-17,-9.375477481969567,-14.237672411966425,-23.299440800589224,14.416998528199134
2000-06-18,-11.533487341364834,-13.855568384263494,-22.04588508679577,15.87049257643281
2000-06-19,-12.295612039571317,-15.428255082789942,-22.680999185049853,16.413636670263312
2000-06-20,-11.124795623223893,-15.868249662088175,-22.978242696492373,15.735823103704796
2000-06-21,-10.802251588773984,-15.761269560773787,-22.50212904708102,15.6473383922599
2000-06-22,-10.000560449689523,-16.668137764426117,-20.621766047390857,16.447077999005256
2000-06-23,-9.902783549609785,-17.033719786327563,-19.15814349764388,17.742873996061558
2000-06-24,-10.660583834718675,-17.11536755001996,-19.583521472953535,17.427542333882588
2000-06-25,-10.24030121846499,-15.39344568354574,-20.068830708896982,18.482414685147326
2000-06-26,-10.733736597880235,-15.5558204062047,-19.28885009669831,17.20717692438619
2000-06-27,-11.90350554474135,-14.443459937859224,-20.627952650893437,17.1742341365594
2000-06-28,-14.070919107740101,-15.996792888079368,-20.51936639309385,17.807173868829015
2000-06-29,-14.739989806601175,-17.749122630959395,-20.729978574499057,18.492607821059735
2000-06-30,-14.509134314181122,-15.263692094622316,-20.839525002672968,18.42290172915684
2000-07-01,-15.660113360624894,-15.216099052413366,-18.262926110464402,18.867648849547983
2000-07-02,-16.571664252238776,-15.771077289579809,-17.77734681503096,19.638292400353134
2000-07-03,-16.97175745292525,-15.199304233886727,-16.654600214057766,20.678775622906556
2000-07-04,-15.701247736172213,-16.42687252287731,-16.983246241907672,20.29994374981429
2000-07-05,-15.092580469328894,-15.399275999186823,-16.051482306048374,21.22803770976841
2000-07-06,-14.923345783450802,-15.521111268235405,-17.289851791881105,22.459462466789343
2000-07-07,-14.864527316846637,-13.833689724531194,-18.15586213766404,23.24932081073383
2000-07-08,-14.062030230355264,-14.759363335429336,-18.51581716279772,25.589099890887237
2000-07-09,-15.289776856088539,-14.40247896005465,-20.88377506675952,25.790682941681922
2000-07-10,-15.170609242882092,-14.35448664855873,-19.641044352076317,25.228088384371972
2000-07-11,-14.205362923241081,-14.900569372892402,-19.918158782847698,26.466215936828778
2000-07-12,-13.020658237941266,-14.505667060675002,-19.144610481902262,26.119501643174498
2000-07-13,-13.095646785569196,-15.13486189367829,-17.958444966537762,24.5991610190012
2000-07-14,-13.613441444261444,-15.175316671124147,-16.533508803949573,24.521804321744103
2000-07-15,-14.449620427473842,-15.615241179189809,-18.042051298026884,24.927371006126215
2000-07-16,-12.407435037547456,-15.573361056258184,-17.423893601293166,24.6529877670368
2000-07-17,-12.775078887282389,-15.708331504253167,-17.146226954200504,25.71837374932415
2000-07-18,-14.03493885341771,-14.587634439892577,-16.234400562963703,26.02792634204834
2000-07-19,-12.609741861745578,-13.54835164260777,-16.286648863967265,26.88308432228397
2000-07-20,-13.125078285527922,-13.263072886661226,-17.492354759808208,26.224426324842813
2000-07-21,-12.049281004621955,-12.923991303146387,-18.81183160558271,27.403551440367682
2000-07-22,-12.08882005165447,-13.46414323069139,-17.841978405769538,28.740802799296247
2000-07-23,-13.032111782323192,-15.799719273447248,-18.67119217769082,27.246595002369347
2000-07-24,-14.793987140178306,-16.26393348844413,-20.247227740256655,25.53254648905199
2000-07-25,-14.016373761630614,-15.78748114657492,-20.57248456493774,25.971396853595763
2000-07-26,-13.395565329960334,-14.703601942056787,-21.18721210087944,26.958353965714082
2000-07-27,-13.81464466606218,-14.815949302982121,-21.0179139090485,27.522722046681377
2000-07-28,-13.215609551172026,-13.843479071361037,-21.03953513238544,28.372644737926713
2000-07-29,-15.005634702467326,-14.609895208693182,-20.230372327448688,29.556676836080648
2000-07-30,-14.701665331480891,-13.544624672896994,-19.73401791828678,28.182400252882804
2000-07-31,-14.508614343256015,-11.420197962983128,-19.457505211042296,26.872103594904097
2000-08-01,-13.826875783227427,-11.224190924774257,-19.051120685164403,26.662817582168515
2000-08-02,-14.823863385314954,-11.703851325480327,-20.534126949502955,24.695936158117952
2000-08-03,-15.08086993407643,-12.559971467807957,-22.600790074136253,23.502824722274465
2000-08-04,-14.162316477199608,-11.975100322190942,-23.232098444195373,24.46895833103375
2000-08-05,-15.171292519798046,-12.090075630021396,-22.812397016995,23.83847244542807
2000-08-06,-13.777996569589787,-12.097218803534597,-22.114152445658508,23.570560561010065
2000-08-07,-14.647478259454981,-12.098569530982784,-22.417825179305545,25.663190105679423
2000-08-08,-15.180459494342637,-12.074845626302212,-21.65497718616865,25.681331932921708
2000-08-09,-14.296939485586561,-10.522701347833124,-20.746470100456058,25.1472673500854
2000-08-10,-15.440029865877491,-11.12475341420588,-20.76811959986914,25.568229492504948
2000-08-11,-15.64296521001564,-11.020154514995676,-21.071978179254106,24.887746728702247
2000-08-12,-13.277808969327127,-11.77108725434975,-19.894998380196633,24.48070558772314
2000-08-13,-15.108972250098372,-11.72243426125216,-22.11739242121927,24.65486225388016
2000-08-14,-14.613548131481158,-12.875371940385678,-21.52810142214995,24.638918521692545
2000-08-15,-14.205838403813257,-12.352614295742507,-22.698828243910217,24.94959505415342
2000-08-16,-15.12933865791763,-12.04435675255521,-24.415553563023643,24.830069432754055
2000-08-17,-16.081709198850834,-12.749719351831564,-24.18067947604634,25.91070582719041
2000-08-18,-17.13354297443876,-12.633745615340056,-24.39365790751952,26.47329085836833
2000-08-19,-16.75085638377483,-12.741755950630687,-25.18411899352592,27.49298751454273
2000-08-20,-16.661430166868772,-10.78834443949237,-26.558021987919947,25.11785055652204
2000-08-21,-16.458888246532418,-10.500774404047817,-27.77913732656702,25.794132379173472
2000-08-22,-15.67711385408519,-10.443067584866098,-29.03650922035595,26.38328755655043
2000-08-23,-16.794585891911332,-10.608972067174495,-29.530285458988864,25.789325729303965
2000-08-24,-18.337712370928795,-11.073574436704714,-30.12256883850029,24.463657806197123
2000-08-25,-18.701566073539624,-11.325771159536005,-30.34857651091797,25.02957991209759
2000-08-26,-19.78282602678196,-11.278376258639529,-31.403493110098733,24.979319582502796
2000-08-27,-19.688554011418248,-11.82328333260186,-31.17330213658227,26.68506860727637
2000-08-28,-19.778377143837485,-14.006049829174504,-31.150091656626852,26.887190442461986
2000-08-29,-19.563774574905878,-13.541382178793116,-31.073748427781137,26.03139331713384
2000-08-30,-19.764443532258014,-12.397952409138126,-29.55881072330926,25.37625637172317
2000-08-31,-21.519401326439727,-13.038814740509672,-28.783645181902852,25.12112028034702
2000-09-01,-22.45560262311707,-13.38212155189979,-29.245337733106513,24.260414460253447
2000-09-02,-22.686035010980273,-12.51270960737396,-30.6794795871374,25.5644958582889
2000-09-03,-21.912401087333087,-12.171168892565335,-30.856171813483215,26.66821920928668
2000-09-04,-24.612258511697817,-13.081910035598929,-31.203057570793312,27.835909085312533
2000-09-05,-24.083241434947716,-12.510372207671926,-31.502045040909184,29.032218859836867
2000-09-06,-25.019259023132346,-12.526417598089992,-33.36454224870346,28.023363232081945
2000-09-07,-26.661220623568347,-11.347633266062783,-35.23852230425885,25.96875535499069
2000-09-08,-27.655835645865203,-10.0547042517955,-34.84372443299081,26.11386691221529
2000-09-09,-29.035388286352976,-9.599487673007228,-35.486405291390625,24.54107255554271
2000-09-10,-28.031659777930876,-10.354639346070766,-35.22358211743797,23.809396443964207
2000-09-11,-29.999713587663425,-11.191255449263194,-36.766551177753485,23.672612426777118
2000-09-12,-29.907846815092963,-10.490466073577288,-37.91795371619318,22.3443705012285
2000-09-13,-31.170818054849267,-9.887245104162004,-36.07889210658423,22.233910332036945
2000-09-14,-32.19608213313413,-7.853107367697342,-36.80846991500391,21.965641332000665
2000-09-15,-33.12878388644181,-8.017777167175327,-37.433507700626244,22.63001617909452
2000-09-16,-34.537451861885,-7.706118073142538,-37.52375784524317,24.96167590633231
2000-09-17,-33.91038579549322,-9.088148591041527,-38.29021006778746,25.825237831633306
2000-09-18,-34.61184836207348,-10.041935373988023,-38.31209757160302,25.15796538879944
2000-09-19,-35.97529537952185,-9.937896798185347,-39.157012381218166,24.977920058672023
2000-09-20,-36.51151696389125,-11.594405612278026,-41.35745795499045,25.551407021077324
2000-09-21,-36.515273141424764,-12.804357058543998,-42.571563322094384,26.20340688902594
2000-09-22,-36.03093721929742,-12.378159135010499,-41.1249977366223,27.102173385872547
2000-09-23,-35.482338932087465,-14.354930020134107,-42.952744598961836,28.671931017365463
2000-09-24,-36.62867663999287,-12.106304668204709,-41.48880287612086,27.76233600663164
2000-09-25,-34.55519855173452,-11.689067648562498,-40.407257406576704,25.196408494790823
2000-09-26,-35.296094566314785,-11.912844808884351,-39.03398127092205,25.30288362269157
2000-09-27,-35.15226806975479,-13.319654014240694,-39.955655712595345,25.525854237881312
2000-09-28,-34.98062272653397,-12.877601023423875,-39.19124540128205,25.21085813144659
2000-09-29,-33.80333153339041,-12.7852386010215,-38.33114918856494,24.26164997520246
2000-09-30,-34.70421682930357,-14.90259437861948,-39.57742804074773,24.148508088390393
2000-10-01,-36.26848539312683,-15.380227113271308,-39.021409218046145,21.86305884331595
2000-10-02,-35.90613825792018,-16.273776990467812,-38.76649029824644,22.107115672997914
2000-10-03,-36.186804468551706,-16.71654700867113,-37.37990058991319,22.062000302708864
2000-10-04,-37.445308387343474,-17.49927671314191,-36.92637288214047,21.414042368122743
2000-10-05,-37.049408130579614,-17.850023915875752,-37.790235267529695,22.006181728498788
2000-10-06,-37.345826238762605,-18.64254551209965,-36.77767168043758,20.14614267344979
2000-10-07,-37.20361933491431,-19.059054909708202,-38.17365576599944,19.452951535771067
2000-10-08,-37.11731584324086,-18.266022816504538,-37.411609328936294,18.922310977979873
2000-10-09,-37.68611033222715,-19.780969161436584,-37.70824956819502,19.274794770370487
2000-10-10,-36.340887769260405,-19.213115413678217,-38.29960182429478,18.63773135773668
2000-10-11,-36.91665355344915,-19.937000939620184,-38.02037586469632,17.507325070242985
2000-10-12,-35.83396637564001,-19.42256701084045,-38.494796595785104,17.93201193678204
2000-10-13,-34.483376243611296,-19.748907831252314,-36.971168778063095,18.447211338211304
2000-10-14,-34.9991917985735,-21.541562302270993,-36.34315528311947,18.965435740504596
2000-10-15,-33.63128257404319,-20.1546629127003,-37.4338372794015,21.42504811042835
2000-10-16,-34.56729112140177,-20.376136828967915,-37.67482713641574,22.970985671573576
2000-10-17,-34.2784140304841,-23.202779427062236,-39.96410350374763,25.31246726490098
2000-10-18,-33.42765469963481,-22.391420824072416,-40.66193586395115,25.71265237564614
2000-10-19,-32.87742062454476,-25.194122422801968,-40.69874876753853,26.96758631997844
2000-10-20,-32.19523566744657,-22.467184715620874,-40.02467569370055,26.338366337326477
2000-10-21,-32.02837568481013,-23.102889202161755,-38.77087421646206,27.16850310039518
2000-10-22,-32.90251936429733,-24.494729607095497,-40.075647349138144,28.130341791360102
2000-10-23,-32.531437519300546,-24.767659026456066,-40.72746970582139,27.744044833175753
2000-10-24,-33.68150916677425,-23.52365599577386,-39.179656236843066,28.142669797619103
2000-10-25,-34.24409075340178,-23.28941723481651,-42.02273752230977,29.935159162084997
2000-10-26,-35.80849769735187,-23.756771279322972,-42.82089147087931,28.923782316912728
2000-10-27,-36.709600542089504,-24.32198949452335,-42.47850413650357,29.340207505709113
2000-10-28,-37.13016274884325,-24.140359304001482,-41.250334026035304,29.138934259605815
2000-10-29,-36.86905318633217,-23.895325367394705,-40.69933758356237,28.14839712773563
2000-10-30,-36.51167535217236,-22.37065816993752,-40.284434947229954,29.10046299290471
2000-10-31,-34.840957281985915,-20.787978059204193,-39.68615952360601,29.45039972950676
2000-11-01,-34.9291458757846,-20.78691394804963,-38.641150347372914,28.99661918359663
2000-11-02,-33.743552671063966,-20.609439382853406,-37.45051252474077,29.458254622852394
2000-11-03,-31.647266289095526,-21.62613403403175,-36.057469473287355,30.747777205509575
2000-11-04,-30.946121618496942,-22.324808816926794,-36.18537233072151,29.107972562555368
2000-11-05,-31.120872744640028,-22.218810966626503,-37.354398364650095,29.311402459200487
2000-11-06,-31.039630338478247,-20.725513715663524,-37.07153471827623,29.353155556454553
2000-11-07,-31.07000485776076,-20.009087013144406,-35.89149595610269,28.484151011484794
2000-11-08,-31.20802076481558,-21.490524490612387,-36.56969855934051,29.822301493863492
2000-11-09,-32.070140613561485,-22.92186767802498,-38.047643397141925,30.341629873130366
2000-11-10,-32.200107942240805,-22.273576272840156,-38.25038182977399,32.562892942253
2000-11-11,-32.48447947936542,-21.455005011973306,-38.12273432526874,31.576536270125885
2000-11-12,-33.92996077494853,-22.127498636203644,-37.51904409390322,31.566343820677876
2000-11-13,-33.81920039388188,-21.491238316129508,-38.890788772712675,32.26559935622286
2000-11-14,-32.51297575320478,-21.607633213670944,-37.73900919498141,33.17767301560874
2000-11-15,-31.244991313163197,-23.37502651005815,-37.35668677819475,33.69699067225471
2000-11-16,-31.74215957869172,-22.229016137886607,-37.56564552916357,34.741172634975925
2000-11-17,-31.685465944233698,-25.397096650472626,-36.138398491194685,34.24027961220215
2000-11-18,-30.781478710569374,-26.362042634364148,-37.436861241779944,33.82897671016574
2000-11-19,-29.546813420673303,-24.778980795754116,-37.655486839314364,34.139093951027
2000-11-20,-31.395315135249476,-24.075352542795752,-36.7549372357415,35.48366159714458
2000-11-21,-34.06788415026419,-23.833656945027467,-35.02107806543815,34.98974650466846
2000-11-22,-33.86623541578013,-24.115981967119456,-33.59635674108136,35.70713891202989
2000-11-23,-33.354177315688986,-23.737614156623767,-33.24494910453229,34.91102691939442
2000-11-24,-33.66041593630541,-25.586636811059392,-32.58270860095996,35.01035391648543
2000-11-25,-32.43530460117958,-25.42451427835779,-31.86264928528432,34.390204093404236
2000-11-26,-33.982695938133645,-25.8206447030487,-30.61242568880668,33.563888397252676
2000-11-27,-33.09045577786335,-24.90634510924598,-31.11129657274926,34.200031336510946
2000-11-28,-32.92317116762466,-24.44887505755767,-32.899715911202954,34.793709408233845
2000-11-29,-33.00789360920377,-24.873945947702055,-31.481365712302367,35.49630506561054
2000-11-30,-33.092120905929576,-25.10612043409558,-30.586378502005278,35.53906941640498
2000-12-01,-33.56244718572763,-25.44962293788446,-30.558218420913395,36.02804004715856
2000-12-02,-34.806577706425,-23.621899470051183,-31.452131300402108,36.747908392675235
2000-12-03,-35.34297048415181,-24.396697461783905,-30.77075596303664,36.3844283269842
2000-12-04,-34.16640496442778,-24.68819008054066,-28.08956639374366,36.71424721152826
2000-12-05,-33.78045109169592,-25.225906838552664,-27.682468122684988,35.98790263749307
2000-12-06,-32.79655616574841,-27.2032197711021,-27.640511075217713,37.739056801380514
2000-12-07,-33.00300336047763,-27.365945721645794,-29.58145109636407,37.43506345817242
2000-12-08,-33.750298912055285,-26.678212481159573,-27.734870713789466,38.412595487096766
2000-12-09,-34.69424334526125,-27.98363807606041,-27.297894391953974,38.10837117156285
2000-12-10,-34.80512750981108,-28.903930173897116,-26.055353304116924,37.9903170507102
2000-12-11,-35.24539865588324,-29.907848775565007,-27.901504000623767,36.169618037239424
2000-12-12,-35.15920696705827,-28.99462777003303,-27.72642604430566,38.05577133774575
2000-12-13,-34.43741429990355,-28.237665191886204,-26.66398158471988,38.18930268514386
2000-12-14,-35.103173067570864,-27.233066591679677,-26.523078596650507,38.97938329228529
2000-12-15,-36.692972688370624,-27.618102806213315,-26.689801580069812,39.340291385326246
2000-12-16,-35.955164683338495,-26.92748600125266,-28.64326427988923,39.33129708347164
2000-12-17,-37.28165550539687,-26.02390716741233,-29.319873807693043,39.356925048056056
2000-12-18,-36.984032128978974,-25.72966833266005,-29.741995301806785,39.110844741716996
2000-12-19,-37.87329919173495,-24.866369961894243,-29.493527782591563,38.5879511770057
2000-12-20,-37.50102740102568,-26.001803519188844,-31.22359630633152,39.42703621965182
2000-12-21,-37.01609787195219,-27.302177903226244,-31.567612818871776,39.07906520652778
2000-12-22,-35.118173380688944,-26.723770783132004,-30.944156568215547,38.07623147830623
2000-12-23,-35.99670781037827,-26.39408035101766,-32.75204546281333,39.1240846207031
2000-12-24,-36.386417914897315,-25.55945017273513,-33.7771968505959,39.20131005384137
2000-12-25,-38.33574053162122,-26.256982175820596,-32.79545192423075,37.55861504696174
2000-12-26,-36.823349159261504,-24.806723729614806,-33.75355895191304,39.06372030676763
2000-12-27,-35.82653094336779,-24.78563752929159,-33.88296892526976,40.07449971198655
2000-12-28,-36.21491744045372,-24.511010303595288,-33.65360735925655,40.078254559387545
2000-12-29,-36.53691399035341,-23.29433232515902,-33.46550906273507,40.2586925704498
2000-12-30,-36.726394176767386,-24.722621934277754,-33.37034252108858,39.56102752952317
2000-12-31,-38.21469071299899,-25.06999435908005,-33.12126966542987,40.88950299906912
2001-01-01,-38.595513913275525,-25.818668137347693,-33.25564269933124,40.61596156145393
2001-01-02,-39.50217496341184,-25.628275331215548,-33.930664523076246,40.799213592192466
2001-01-03,-40.29829912734846,-27.003605888194194,-33.530763397753525,40.63423753338531
2001-01-04,-40.988460507137226,-28.454015818842482,-34.81527526878675,39.75961736082038
2001-01-05,-38.886799136418674,-27.7308671756061,-33.053113275533626,41.834685851784414
2001-01-06,-39.6763549021746,-28.49026964994587,-32.56641370126732,42.94438942026768
2001-01-07,-40.0885528821379,-28.880633111569118,-33.305675361824,41.93025188694863
2001-01-08,-39.32346778217615,-29.4605417206896,-32.43674177285801,40.42825570612322
2001-01-09,-38.649802322028904,-28.82162475036427,-33.67939139363053,42.20839526176365
2001-01-10,-37.03450807687787,-29.492155343066283,-35.2918082219976,43.134907759465975
2001-01-11,-37.052254838560636,-28.95749633965613,-35.474448306204835,43.11525810755843
2001-01-12,-36.14552664580012,-29.606083417415046,-35.36476954952816,42.62468216284179
2001-01-13,-37.08443045634835,-30.060345561698554,-35.42003945733651,42.2576811659282
2001-01-14,-36.85665200859786,-30.247553380311928,-35.56027859675608,43.05670469774181
2001-01-15,-38.337257994427866,-29.814564984130854,-36.23904592362959,43.08439480797456
2001-01-16,-38.10644329080793,-29.055286218129087,-36.790013451257686,44.165305017031166
2001-01-17,-37.9023418643725,-28.830893251696306,-35.65766129229129,43.16915960154804
2001-01-18,-36.589955433193445,-29.33998981881679,-34.65866039612162,42.53605186369071
2001-01-19,-36.017343419211514,-28.412513639583402,-31.364717001196453,43.265199286839824
2001-01-20,-36.58220774813364,-27.888938233864675,-30.322810908176667,41.33830906709275
2001-01-21,-35.51642464352158,-28.040736440497742,-30.837334560842958,40.83274118886342
2001-01-22,-34.73557165453901,-27.375390629513568,-30.193057866076902,41.19855541722453
2001-01-23,-35.32741407718758,-29.21679226110951,-30.22981954521063,42.57724265778362
2001-01-24,-36.40239902909792,-30.14913041498517,-30.368906042393412,44.02423348362803
2001-01-25,-35.93268464208578,-32.09846061910472,-30.547928834798437,44.2422020120665
2001-01-26,-34.89231979536192,-33.230754640913645,-31.841289630168117,44.78654687663573
2001-01-27,-32.771791919557295,-32.82851475871325,-32.04926261644244,44.407752967861576
2001-01-28,-32.00644168513422,-34.075244638093,-33.85238600855218,44.26602021448316
2001-01-29,-31.597198658065913,-32.304915239302005,-34.973980526784935,45.32359945519398
2001-01-30,-31.95901206991952,-33.191738234225035,-34.14161778245875,46.92271656727974
2001-01-31,-31.656752603488155,-33.65616603022005,-33.95178045906359,45.70364545195515
2001-02-01,-30.275075772093032,-33.56024046324068,-34.91520419931413,46.02706881492164
2001-02-02,-28.612624018040044,-33.670931927835525,-35.75492198174116,44.99855444663329
2001-02-03,-27.6004553145775,-33.82513730469908,-35.308674484731625,43.808032913093726
2001-02-04,-28.180587972588025,-34.33231531011691,-34.42684078178603,42.88185191358575
2001-02-05,-29.360208746077667,-35.36801508501581,-34.32602348727619,43.125322919919725
2001-02-06,-29.58391251299473,-35.9223145147695,-33.592967997375666,42.98137694434918
2001-02-07,-28.99814313425007,-36.91384813791099,-32.34504535641534,44.041810544900386
2001-02-08,-28.524404578947024,-37.66137200682646,-31.90156401114115,43.43507335263214
2001-02-09,-28.25843553506057,-36.83594892505425,-33.543435951849,44.73689688266159
2001-02-10,-27.415962734324705,-36.84935130893733,-36.49282157607592,43.86885917925984
2001-02-11,-27.988542472059475,-35.42784268497199,-36.097349506685646,43.38824111145026
2001-02-12,-27.575727923365474,-36.24932082551565,-34.44019743005505,45.13914604026902
2001-02-13,-27.8151047548897,-35.97729554677984,-35.54906272104643,46.010841961726044
2001-02-14,-29.995796245472775,-37.44208084721652,-35.23296400639536,46.47618493863641
2001-02-15,-28.909353309949662,-37.604359461615516,-36.35208461410552,45.88666245218115
2001-02-16,-28.441694455291444,-36.80438634694084,-35.2721761615518,46.603870804489304
2001-02-17,-27.735557003625903,-37.046858567643184,-37.39516191694794,47.53271160956277
2001-02-18,-27.08232081541977,-38.01688768889245,-38.31579419196834,46.84685839682162
2001-02-19,-27.299280267478103,-38.85853807695165,-37.59477525499343,44.47572831059885
2001-02-20,-27.71593357403886,-38.227038377412676,-38.408654461090215,43.87167592515493
2001-02-21,-27.38554722139517,-39.52597225974091,-36.41958475581283,43.262747317599484
2001-02-22,-28.950495564772382,-40.37735690277168,-36.55281016727576,43.55585619010697
2001-02-23,-29.486289789758906,-41.554190600153184,-37.802500057745675,43.56731034919183
2001-02-24,-28.25665999399262,-42.35366499722751,-37.401382103991146,44.24628728411839
2001-02-25,-28.49068908116707,-43.414586995881656,-37.12609689634365,42.801650503413306
2001-02-26,-28.694907356022505,-44.38854709005733,-36.24240556096347,42.50826484556571
2001-02-27,-27.711101384265426,-44.69824024860813,-35.96361131696632,42.424318728081374
2001-02-28,-27.349956563098967,-46.632271228398935,-36.138581854835195,41.61347129230778
2001-03-01,-27.612338805334954,-48.81648487250234,-35.887848939558076,40.43020614508357
2001-03-02,-26.885429999822268,-49.70692181373801,-36.3569847511621,38.93243961006479
2001-03-03,-25.015951908112612,-50.473071844808445,-37.14115309398769,39.24031861627743
2001-03-04,-24.215732509146985,-52.84114240124567,-37.98858559785208,38.81044393395766
2001-03-05,-23.692705376380918,-51.84172884346092,-37.92829390360667,38.875222197721754
2001-03-06,-23.183032750277235,-51.24963248584884,-38.660464076520974,38.758081406890504
2001-03-07,-23.46231437382073,-51.715755066531905,-37.900954892195415,39.25020071544589
2001-03-08,-22.27979372650476,-50.73919033753063,-39.21321674825622,39.44795102700415
2001-03-09,-22.90862893588328,-50.49137034161491,-38.59622712862409,38.7856088210786
2001-03-10,-23.557832116334843,-49.505488852436734,-40.56326434595297,38.85166321712206
2001-03-11,-23.704263133365696,-49.38806030783776,-39.31866765201632,38.00304052327724
2001-03-12,-23.809322068678483,-48.830548735100514,-39.11850899717695,38.3357897872598
2001-03-13,-22.546583807410414,-49.35050832883386,-38.31881058673834,39.5077600956708
2001-03-14,-22.08841990709722,-48.5764371951357,-36.385545118699305,40.35339753049032
2001-03-15,-22.912853008950222,-51.41764562235226,-36.97348052437137,39.98561078240602
2001-03-16,-21.84555015939659,-51.03649406468415,-37.399723393434456,38.69691174631071
2001-03-17,-22.753890963531827,-49.869266859779906,-38.27367200860859,40.04829066350282
2001-03-18,-22.19288124158931,-49.846336555700745,-39.10893553080208,38.752541963260995
2001-03-19,-22.71392592246264,-50.21146915740467,-40.85074197873811,38.77138588590163
2001-03-20,-23.7910627492375,-51.693901916412095,-41.075824929439186,39.59270589769658
2001-03-21,-24.12378747754077,-52.030182152029994,-41.587560227995446,40.46954252350477
2001-03-22,-23.304068922777596,-51.22512749394876,-40.20329393442101,40.47158195565366
2001-03-23,-24.195531608576612,-51.31724966865181,-42.27890304101137,40.01120656789146
2001-03-24,-23.05879612144531,-51.380914637111424,-42.93143245972495,39.0955315394317
2001-03-25,-24.78236651531352,-52.35980537431173,-43.91850098999948,39.63819664441934
2001-03-26,-24.850023986206192,-53.94968736049732,-43.9600657282192,39.32456708701306
2001-03-27,-25.75962892272537,-55.41801962404399,-41.51433720270473,37.666803179122304
2001-03-28,-28.508752985542273,-55.18207803124866,-41.71972536651597,38.06067990311409
2001-03-29,-28.018026690363918,-56.1305246037752,-41.912150495785546,36.684094323555826
2001-03-30,-28.612815487816604,-55.98127550741636,-44.191882901894424,37.93668293810221
2001-03-31,-27.908044182436388,-56.62792367921836,-44.680011887210306,37.19214474560207
2001-04-01,-28.18564890475234,-57.33840481972769,-42.69871470834976,38.05760109279955
2001-04-02,-27.722134364983212,-56.94509930665834,-43.782544534276,38.56194621815546
2001-04-03,-28.598551749847406,-54.433718049095134,-44.3361890622958,39.087754345506255
2001-04-04,-28.244517812353468,-53.190005001960806,-44.659009465987666,39.906084221839066
2001-04-05,-28.19262734214122,-53.30277730005666,-44.20510066484768,38.967463084684375
2001-04-06,-26.651033805958143,-54.355357475039895,-42.40528659585743,38.86439558034059
2001-04-07,-26.75810108109481,-52.50572459953218,-41.66539333378894,37.8000135938204
2001-04-08,-26.456761475926065,-55.09594461823837,-41.84947909071666,38.984348834320315
2001-04-09,-26.433316315572394,-53.88410261337468,-43.48995396277056,41.933429610784465
2001-04-10,-25.67180196152267,-53.73149203640337,-44.835417423441015,42.12854356403589
2001-04-11,-25.67150343794846,-53.28950356243559,-44.662495996996334,43.851856826987344
2001-04-12,-25.248205789254392,-53.2435406257206,-45.21441609413995,42.86669776138849
2001-04-13,-25.788852555104842,-53.21459225262986,-45.9149187342301,44.96411414507055
2001-04-14,-26.87358378028635,-54.19159383586202,-45.491861381401364,45.5197946107088
2001-04-15,-27.38793539227458,-52.5905879231603,-47.79235851060263,45.85157429257231
2001-04-16,-28.532450179855022,-51.21903883739107,-46.63873931327465,45.177431598774895
2001-04-17,-27.40374719756574,-50.96819983425561,-46.49086906859859,44.668555693521704
2001-04-18,-26.113547808962128,-50.08580028057556,-45.73676313913047,44.968713694693456
2001-04-19,-25.635705438626886,-49.624418991417386,-45.287692252147636,44.0992751491159
2001-04-20,-24.390171072262568,-49.860159060755635,-46.7082655380431,42.31814688952367
2001-04-21,-24.15869743224645,-49.56471128442027,-46.48516490273513,43.19923040333154
2001-04-22,-25.389802650364395,-50.82803898618677,-46.39556238972227,43.39037394675379
2001-04-23,-25.597762508059066,-51.21552235578176,-46.53549609812088,44.17057919959064
2001-04-24,-25.119346692279574,-48.84357617928511,-48.54948681536688,44.560310429904455
2001-04-25,-25.18123011214706,-49.63770764230272,-47.90290069599247,44.056121230419095
2001-04-26,-24.58114063726086,-48.381382666261906,-49.477981519232245,43.35779835554362
2001-04-27,-23.919634895906842,-50.19289204343569,-50.12384481441618,43.32019738778113
2001-04-28,-24.370857047280854,-49.435901370029555,-49.69860160104034,43.92892222344631
2001-04-29,-24.93934261742234,-49.574449498003425,-48.23541532378392,42.90035150050703
2001-04-30,-23.747574923968223,-49.66120263008955,-49.71164622145859,41.55405510792669
2001-05-01,-23.673053242690433,-49.18980810386671,-49.216848769671905,41.518253380376585
2001-05-02,-26.09917819899087,-50.9629126376285,-49.03967314435115,41.03191765302491
2001-05-03,-27.175343452304837,-51.689394435736006,-49.74930626214366,42.8573711914063
2001-05-04,-28.415003064025605,-49.71590046434076,-49.773350733793826,43.060230183481195
2001-05-05,-27.016723092072635,-51.60040748473075,-50.104567447274285,41.786529430918485
2001-05-06,-28.32671077010784,-52.769090832350805,-50.677959186985554,40.27894395010232
2001-05-07,-27.43985821902988,-52.86390527801172,-50.08245494623968,39.904676142687315
2001-05-08,-28.59614765196477,-53.8204416913048,-50.25226763619841,38.837882944438505
2001-05-09,-29.736614226958988,-53.36609576026602,-50.99537257310312,38.96483504205043
2001-05-10,-30.68154722809873,-53.03080539824582,-51.12925844391677,40.25330849814742
2001-05-11,-30.535368349949625,-52.21786035679167,-50.77134087222703,38.12327326185924
2001-05-12,-31.560638594161123,-52.62958152491315,-50.38861630148661,37.20776595405456
2001-05-13,-31.585608304670558,-50.95153732535154,-49.3669225416416,35.982159640614185
2001-05-14,-30.843544853056038,-51.73785904412827,-49.296783916717395,35.37215396562664
2001-05-15,-30.247653826684697,-52.087678897998934,-46.29362244381835,35.69159183383262
2001-05-16,-29.144942950713155,-51.30515361364576,-45.89782265905066,34.64908444267855
2001-05-17,-30.542658122010955,-53.11270530860738,-46.088339831698,34.422539318102224
2001-05-18,-29.991423886992397,-53.07694198175363,-46.002770398353256,34.426271572990146
2001-05-19,-31.621852290574015,-52.60257384837836,-45.77423219891186,35.71515987265031
2001-05-20,-32.0248319853939,-53.758830135280135,-43.68779685717507,35.0368498504763
2001-05-21,-31.264115515476668,-53.42335319133044,-43.581162816562,34.433900458672774
2001-05-22,-30.26303311361824,-53.64325382802168,-43.778883887827625,36.052795983507686
2001-05-23,-31.226238057426183,-52.4277733693199,-41.97651661347022,35.493855252348595
2001-05-24,-29.979558990239575,-52.95740059637425,-42.621672543852476,36.22710763945551
2001-05-25,-31.096684835592935,-54.358714950608885,-43.02859949210415,36.596858431201504
2001-05-26,-32.051283745969414,-54.53170987442557,-42.99637174022606,35.28179252858047
2001-05-27,-32.03205195966385,-54.980874649716824,-43.18716449988664,35.022581127139816
2001-05-28,-34.352911282024486,-54.86193219246395,-41.734222817012125,34.00932307862706
2001-05-29,-35.14703211256486,-54.44054089241582,-41.63996365049954,35.13602872937159
2001-05-30,-35.150551360518264,-54.71635188866888,-43.400433206858814,36.05777329695682
2001-05-31,-35.70778128008172,-55.344044371532185,-43.63233249327993,35.10592315799891
2001-06-01,-36.29807365433872,-54.58863383458779,-45.17566934857993,34.349914668222105
2001-06-02,-37.025245820419165,-54.13596057062192,-44.80435874857531,34.02865909399834
2001-06-03,-36.921602323299894,-53.971312736665396,-44.198276471651134,31.407702887098036
2001-06-04,-37.41492217421811,-53.52904998199411,-45.06057963978182,32.13910953421779
2001-06-05,-37.53144568968344,-53.50336791128789,-46.96170470123666,33.270084088907765
2001-06-06,-36.702333865515044,-51.78539005898339,-45.71628871130035,35.869917468463015
2001-06-07,-37.03494292066451,-50.334997039201646,-44.44045920275077,35.19109816189034
2001-06-08,-37.34749401105555,-49.96260944054318,-43.745745437979814,34.40638097548552
2001-06-09,-39.06140966505067,-51.11581971404373,-43.647735849384006,34.89720158747524
2001-06-10,-38.94300587461441,-51.901891192783985,-42.9006640025951,34.19926128304634
2001-06-11,-39.319953054209904,-51.651871499335684,-43.421693887157346,36.79646548100284
2001-06-12,-40.16041927437318,-51.82723478964883,-44.257651709893445,36.223389892603535
2001-06-13,-38.85970460946359,-52.54252695825418,-43.501117709993935,35.43013618849831
2001-06-14,-37.492572249135264,-51.58809353494727,-44.53763967983989,34.73462671093924
2001-06-15,-36.64221498981585,-52.700493003486386,-42.34348163925412,35.64680122410589
2001-06-16,-37.0131534662484,-52.45685408956885,-42.53548788504922,37.645148368338596
2001-06-17,-36.52873610973813,-52.140025744838724,-42.3245384441722,37.58661058110071
2001-06-18,-35.872189507175406,-51.6658974089752,-42.368472762943476,39.167485549312794
2001-06-19,-35.80644267197615,-51.36745990078864,-42.648641097990435,40.33939692380348
2001-06-20,-34.34087776733137,-51.55978288042537,-41.4644320812406,40.09719596319762
2001-06-21,-34.24471878380358,-51.79033762503968,-41.97731741447675,39.68444197666274
2001-06-22,-34.31951808785324,-51.83702547065337,-41.459227602056366,39.71390241466409
2001-06-23,-33.96938180916188,-53.280472076332316,-40.19731494626112,39.19142652942584
2001-06-24,-34.935794612439096,-54.038034009710344,-40.791493562585096,40.169615156818836
2001-06-25,-34.38246000942918,-52.85342235139769,-38.74523889448997,40.37794737333288
2001-06-26,-34.70097954807448,-54.02014819626785,-38.10226955927588,39.81564466691788
2001-06-27,-33.572117090238905,-55.1449606716244,-39.03396648344686,38.92874383146283
2001-06-28,-33.34778587073549,-56.08920553389998,-39.094025447565976,38.90383969536773
2001-06-29,-33.84920622456502,-56.84115463062996,-39.809622307490336,38.86994054165748
2001-06-30,-32.7396462551884,-56.12152758732076,-41.19526023804858,37.846371362772516
2001-07-01,-34.69525605490387,-54.834755897279855,-41.85390342878547,35.68606635261318
2001-07-02,-33.124291557061326,-55.5764780119014,-41.26310639035129,35.59985806716274
2001-07-03,-33.0239623930896,-55.39574421894303,-40.46307274973833,35.657618103641816
2001-07-04,-33.17226899178921,-55.28688007752849,-41.15402400838053,34.813870084672786
2001-07-05,-32.82709609338119,-55.034599344642885,-41.27127728822878,33.49960767391795
2001-07-06,-32.27020939144587,-56.91672978664506,-41.57498681173153,33.754619860271255
2001-07-07,-32.5623118765104,-55.942938325047535,-43.58082635706271,35.0509398580447
2001-07-08,-33.01107933722116,-54.20269709736299,-44.867274007361445,34.64817154871946
2001-07-09,-33.49095918761191,-53.766461902864386,-45.230543380816805,32.99300396723501
2001-07-10,-33.390730097219866,-53.9479165246294,-45.387742418505724,32.09737945917208
2001-07-11,-33.621621739682524,-53.50317911784097,-46.102005415315894,31.831662579003076
2001-07-12,-32.83726738628023,-53.0739715804326,-47.86705602291376,33.05153398647506
2001-07-13,-32.318369815194096,-53.59668689620182,-47.08738498861169,32.30434632541685
2001-07-14,-32.592851617642076,-52.375113202740856,-48.19831064566191,32.57220191999335
2001-07-15,-33.481037856278185,-53.15098347729833,-47.864510325425876,32.44597686850164
2001-07-16,-33.87059007992423,-53.76362091593096,-46.58694927483611,32.38397300204815
2001-07-17,-33.61352364865871,-53.2746505942181,-46.23107207966945,31.593016803922733
2001-07-18,-34.97850234517345,-53.05658308179719,-46.318431923695385,31.26111281024116
2001-07-19,-36.8670926249815,-53.98715280610631,-47.07624828592948,31.711582171074156
2001-07-20,-37.32477858579231,-53.413278351491684,-48.0539838771888,31.876425725495682
2001-07-21,-36.50625052783514,-52.555636797406315,-47.8417491891821,30.94694797363723
2001-07-22,-36.8417781721044,-50.778615289183726,-49.33273831169578,29.852959008793892
2001-07-23,-36.10358563248356,-50.71422236992978,-51.706268192632294,30.31918844857067
2001-07-24,-35.53045944443307,-51.9673038781992,-52.8179413408918,30.14340477193222
2001-07-25,-34.45021249186235,-52.00267466229171,-53.02688207025611,30.135807378473473
2001-07-26,-34.415887729895665,-50.04208601001923,-54.15515388298749,32.05519314943231
2001-07-27,-35.23769957148919,-50.044324209428936,-53.92637695514653,30.978248462894904
2001-07-28,-34.43944283409467,-47.76272454938334,-54.45778104001687,31.468004012633955
2001-07-29,-34.927958160687226,-46.641689186840246,-54.0946146281489,31.87532376877683
2001-07-30,-34.4581427432822,-46.12729398512766,-54.77219127739418,30.068487027346563
2001-07-31,-35.658727198156086,-46.16237492051148,-54.209264943185595,29.9702656325826
2001-08-01,-32.08030327381568,-46.77399147996026,-55.96874624497803,30.17856308342967
2001-08-02,-30.498973853841086,-46.722598983668064,-57.07481254269125,28.899652530127888
2001-08-03,-29.07384449013905,-46.51672832781896,-57.84765583951287,29.08751271410769
2001-08-04,-27.691210539150667,-47.51964980447366,-59.59912044127419,30.81735005975743
2001-08-05,-27.2437176808335,-47.69307049362932,-59.79023052401682,30.739277040636605
2001-08-06,-26.76454703605793,-47.20750567494151,-59.72168148486211,30.63592693486873
2001-08-07,-25.45126607241921,-49.757842726818154,-59.09118330124035,31.184784610099847
2001-08-08,-24.140353066189448,-48.577240452029066,-58.968587286120595,31.13018856058834
2001-08-09,-24.64907407309442,-48.867937679913354,-59.233675683052425,30.38856330565448
2001-08-10,-25.25751689201557,-49.87290893514092,-61.43350580679179,28.976413587606057
2001-08-11,-26.639393778373616,-51.34276194534753,-62.872364004952885,29.013382338098644
2001-08-12,-26.959272841869346,-51.305999898691255,-62.77323292769849,28.15638339522226
2001-08-13,-27.885861116869755,-52.32823674951349,-62.22270716537758,26.537973761939167
2001-08-14,-28.882428423215174,-52.84896437307783,-61.25993276002026,26.5827843525525
2001-08-15,-29.412055954996166,-52.55961608064847,-61.44661576695163,26.06273654358212
2001-08-16,-30.811785691041184,-51.21945604685315,-59.09464842666298,24.062063600911646
2001-08-17,-29.527735796336714,-52.554718153029626,-59.882066374261605,22.712110090769556
2001-08-18,-30.065861200282953,-51.13354365781364,-59.65190440847798,22.978538551902403
2001-08-19,-29.68715460641048,-51.08913558359802,-59.87477746432825,23.065345773973476
2001-08-20,-30.739984042290292,-52.323823357732905,-58.61480449923451,22.87575939314325
2001-08-21,-31.873025799283376,-51.842967105517126,-58.49672143392132,22.726227190678998
2001-08-22,-31.580780353416294,-52.07732902038678,-58.82845371087665,21.367401164684317
2001-08-23,-33.08635470617077,-52.80528449868468,-57.57905953504674,21.891594137393433
2001-08-24,-33.16330754506099,-52.527970585368664,-57.583693661869276,20.4383231738596
2001-08-25,-31.23060463652099,-53.479196183084944,-55.79267398636741,19.554192424817387
2001-08-26,-31.892707141810654,-53.310233999213644,-56.97052533316762,19.97684056522228
2001-08-27,-34.540490428916925,-52.17546559138241,-57.434615847064734,18.661580654759806
2001-08-28,-34.775490856455185,-52.607090898737205,-57.52021157009639,18.949484322837645
2001-08-29,-34.22780906379588,-51.82207699282546,-56.75504993754237,20.62820398365058
2001-08-30,-33.860011548405126,-53.411135977753865,-56.5970152039271,21.499818331386617
2001-08-31,-32.147175162116326,-52.70115778871632,-54.69754441646116,21.15461212924809
2001-09-01,-31.730302139137756,-53.23520735317019,-54.86879997965003,21.276875069876755
2001-09-02,-32.12691868301342,-52.36800543042223,-55.80596226883149,21.08310888582917
2001-09-03,-32.527908874613296,-52.377311732279665,-55.118915061404856,22.081730204713093
2001-09-04,-32.864237848671685,-53.15354609268185,-53.853976220442284,21.56859300224637
2001-09-05,-34.50732655376441,-53.94156050036079,-55.35808711694147,19.512551558612042
2001-09-06,-35.05491388462843,-53.15092902784491,-56.82691757566943,19.33768346112154
2001-09-07,-33.84447384043568,-52.43623438208807,-57.47573087222277,19.96223372226977
2001-09-08,-32.83082963277791,-52.21624197523669,-57.06081692147226,20.993901215807753
2001-09-09,-33.087752601125395,-52.84064874733496,-57.597298087271334,20.952154167647382
2001-09-10,-32.35039087187433,-52.19852358649253,-57.828690139251385,20.870223857482962
2001-09-11,-31.466221949760158,-53.43547225001189,-54.717419598194226,21.495740062863238
2001-09-12,-30.89132667240129,-52.33795468122035,-54.17869970577176,21.473673791585117
2001-09-13,-31.33798339140024,-51.42051547749197,-54.285115315704026,21.396995357454276
2001-09-14,-32.769085057032136,-52.01594493421384,-55.66652787626908,21.39613738840611
2001-09-15,-32.80332491578366,-54.35125884302005,-55.131278139716855,21.38987095008096
2001-09-16,-32.60006877070867,-54.10261841923432,-55.92660082312013,21.304710487573256
2001-09-17,-32.73224315392607,-54.43377061759912,-55.699653667378044,21.102682295065186
2001-09-18,-32.72030451002115,-54.62988108121214,-54.6652972754446,21.59792880286784
2001-09-19,-32.89165600410034,-54.56136465232325,-54.71517790296522,18.77692960961316
2001-09-20,-34.31015579872166,-55.03979797339984,-53.94111543353823,18.8444069109587
2001-09-21,-33.072075656426044,-54.690113109490696,-56.0949121659818,19.203496503514405
2001-09-22,-32.415523794710886,-54.25967568177649,-57.0250148146636,17.173142141317214
2001-09-23,-31.929206027557253,-54.732782157565886,-58.21500872257265,15.200184380435214
2001-09-24,-31.10569528715739,-53.84730536399642,-58.810170523226454,16.2549028687959
2001-09-25,-32.041038297809884,-53.90074313644824,-59.455767608727726,15.709063989279938
2001-09-26,-32.25992560938095,-54.200622892781105,-58.382436920451255,14.12111675265568
2001-09-27,-32.002348316295446,-55.666366149174806,-57.656300850088094,13.74372822294917
2001-09-28,-33.095718466747265,-55.33315368222108,-59.42765490263893,13.695770106406863
2001-09-29,-34.448971601350195,-56.23829311668539,-59.232759600403206,14.169246977482057
2001-09-30,-35.79119364545108,-55.0789060821548,-61.69220817491844,14.000536012067228
2001-10-01,-35.65346406277223,-53.92242034484328,-61.34012619990881,12.083066718733185
2001-10-02,-35.34195535890347,-53.35906266656667,-60.061649265007574,10.89721339286813
2001-10-03,-36.55429057459067,-52.129792248790906,-60.913143867087506,12.222567281651193
2001-10-04,-36.82440860152371,-51.77411227369435,-60.114551313033395,10.693263328739
2001-10-05,-37.61904560902292,-53.134288424590444,-59.43239074354846,11.240754875511856
2001-10-06,-37.362640098615785,-52.2468636133357,-59.31225151956566,10.32634586627455
2001-10-07,-37.42798070075699,-50.34803510679488,-59.188059755480964,10.133346043602208
2001-10-08,-37.636301064051146,-51.148115672366764,-60.28698111083563,9.135658858576328
2001-10-09,-38.4365454934184,-50.94487034424625,-58.73528687323107,9.659641108171877
2001-10-10,-39.361088056211756,-50.12710147052224,-57.97419522935243,10.086081635993184
2001-10-11,-39.831727688931686,-50.758046016519955,-56.942456022769676,12.47809825231159
2001-10-12,-39.04191945836615,-51.59540261000251,-56.6073610260321,12.958688064636435
2001-10-13,-39.435791133912055,-49.761636283841405,-54.03368662282993,13.698559902448476
2001-10-14,-39.00103467676624,-49.128860242085196,-54.00877114599192,13.21297936698517
2001-10-15,-38.20167104419387,-47.47501804252616,-54.513789094523126,13.68015079754117
2001-10-16,-38.26962170692263,-48.91520563257408,-55.418269467519934,14.92589428119034
2001-10-17,-37.70885497689506,-48.18593769018185,-57.364280191193316,15.83510740882518
2001-10-18,-38.47145679917492,-46.47251441775649,-56.4698850291004,14.548647159436113
2001-10-19,-36.59986144080886,-46.840540480064675,-55.21253851395681,14.412485447754532
2001-10-20,-37.826938500169,-46.463595659142655,-55.381709067975834,15.271941579276108
2001-10-21,-38.33758855242069,-45.3090429612618,-56.60895640604177,14.556939254992344
2001-10-22,-39.97476285362136,-43.674484707221986,-57.26004221766497,13.726837435810266
2001-10-23,-38.015018691860575,-43.347162688590615,-55.43915521107222,14.302261056930172
2001-10-24,-38.819708191804374,-43.29762909356226,-55.97430289247599,15.671620350823469
2001-10-25,-38.89044658904172,-43.98076567456193,-56.72582333731311,17.564937323174252
2001-10-26,-38.847358465126035,-43.48336450722136,-56.44945556733571,16.279303261719203
2001-10-27,-38.721065983951874,-41.279020961010595,-57.19165957930035,16.942145831630423
2001-10-28,-38.24110759649869,-41.95020976359645,-56.04118314540101,18.583803006413493
2001-10-29,-35.45315613806896,-42.020181465507314,-55.432883475674615,19.852445684427213
2001-10-30,-36.165805963859256,-42.368579595958785,-57.05648270142342,20.150495366410272
2001-10-31,-36.91428442107001,-42.80759486366509,-57.975341100436815,20.26596708019973
2001-11-01,-35.6213234580442,-41.398908200156995,-56.40027262818104,21.345431347156058
2001-11-02,-35.77969386803911,-40.900809994594944,-56.660402076370595,22.602347039577857
2001-11-03,-36.2336702671403,-40.936974621237916,-57.02251064795365,21.7513280848965
2001-11-04,-37.51381860418475,-38.323830994897506,-56.87708621756234,23.459677964400544
2001-11-05,-38.63832764948436,-37.30317133341823,-57.14390860345617,23.421929490636934
2001-11-06,-38.88594349399801,-39.07735295057078,-56.81320915337317,23.881726777438487
2001-11-07,-40.431334824378126,-38.87992954304723,-57.282517087235924,24.65190370680717
2001-11-08,-40.20242117643372,-38.38534708788833,-55.95707374285715,26.371655291304535
2001-11-09,-39.80783425567916,-39.749823359854425,-56.01578925888215,26.006212123257935
2001-11-10,-38.1393875887681,-39.41416553825867,-56.44593826644236,25.70821599212943
2001-11-11,-38.60370020632004,-38.970266890759085,-56.33947602108766,26.007768684934295
2001-11-12,-38.87953465876428,-39.63870131432336,-56.554976186375015,25.924850821551043
2001-11-13,-39.035397231706256,-39.86175136677447,-58.1519495297369,25.665394985550346
2001-11-14,-39.3834519047351,-40.399758795721525,-56.33035600901668,26.59688477717433
2001-11-15,-41.17708352837456,-39.84695580467889,-54.31988708724917,26.51231109859589
2001-11-16,-41.22679280234213,-39.21305870264638,-54.27397198391927,26.629081383068602
2001-11-17,-42.09526143533876,-39.32439968302689,-53.84474146858867,26.920584142163467
2001-11-18,-42.12159486511919,-38.1884735608726,-55.69837555945801,28.11789065974851
2001-11-19,-41.13205961952342,-37.254160495674576,-55.527073402144595,26.95280516362594
2001-11-20,-39.479349929213555,-37.755244229481555,-55.67989924851615,26.68364638630379
2001-11-21,-38.87086304115111,-38.551469520478854,-55.67802668760026,23.681114627349846
2001-11-22,-38.66526482981084,-38.58488592812939,-56.133948549717985,25.018793020627726
2001-11-23,-38.78269554907472,-38.3583388259341,-55.85567916208057,25.192049407616242
2001-11-24,-40.788123241437845,-40.705687058994954,-53.82585504185996,25.088591267492255
2001-11-25,-41.7347454043953,-41.976154262787446,-54.32399114723277,26.362574441701984
2001-11-26,-42.98802514217679,-43.10188165620484,-54.620018884103494,26.277985172320278
2001-11-27,-41.968872273661304,-43.062907034822736,-54.01714895584354,25.646920793357513
2001-11-28,-42.068076643610084,-43.35391800840103,-55.792762957420564,25.741913691990614
2001-11-29,-41.74556082386049,-43.360293328278075,-56.13563584381336,27.040508488286026
2001-11-30,-42.54528537695306,-43.62000052966168,-58.15656526051497,26.79817597246252
2001-12-01,-42.030659365598844,-43.24308779837459,-58.779379736960614,27.657543099362677
2001-12-02,-42.740366294236594,-44.67794905519034,-58.29303792122099,27.60941177897735
2001-12-03,-43.71279011817004,-43.24299010202188,-59.165605604491326,28.027037254041147
2001-12-04,-44.26298815025384,-43.50116134143146,-58.69455391232837,28.201531715597067
2001-12-05,-43.626694380130544,-43.44423004918903,-58.607712056610595,29.469433674784764
2001-12-06,-44.05093588641428,-41.34739707453212,-60.24525516611095,30.15172079319334
2001-12-07,-42.80459200983057,-39.7437986312609,-59.20517566568101,30.583804119212637
2001-12-08,-43.81133623969897,-37.25112749921729,-60.92257993733886,29.5093681755356
2001-12-09,-43.937754019145665,-37.75310247464968,-60.227487919932976,29.56582496260519
2001-12-10,-45.27286983743398,-37.17992428410715,-60.35944529751808,29.16136992110971
2001-12-11,-46.83091671218739,-37.38894230351361,-60.91240793796524,28.169521143932208
2001-12-12,-46.64071162240389,-37.23955104711469,-60.201968332412065,28.63187830131008
2001-12-13,-46.08610843608754,-39.154083820304905,-59.506621228656684,27.871281717511685
2001-12-14,-47.21406033174071,-38.26887081129145,-59.38230994832525,27.66330070211635
2001-12-15,-48.44423074267466,-37.9778336437587,-59.67926191823879,28.053051543000766
2001-12-16,-48.38509428218311,-37.95257883340136,-61.50408632092486,27.103124882220225
2001-12-17,-47.45593084042102,-37.24415378256538,-61.36311240918269,28.681690899891812
2001-12-18,-47.28163555578413,-38.208529276880355,-61.9948067213313,27.957223970621726
2001-12-19,-48.723612965017026,-38.69383873788968,-62.91978622309679,28.6878950480889
2001-12-20,-48.96839418507303,-38.80680720630653,-65.24208638069548,28.15783378530819
2001-12-21,-49.57619638159443,-38.125615444702426,-64.75631847850869,28.4271143122031
2001-12-22,-50.0566501460731,-38.00359973646278,-64.7100711205503,29.456505238501922
2001-12-23,-48.904015838126995,-38.51262762400809,-65.47599456678455,28.680100073851044
2001-12-24,-46.361383715641225,-38.622201445361256,-65.6961294281037,29.427782606326886
2001-12-25,-46.79391269124714,-38.45607372473056,-67.45863826675858,29.0982784696029
2001-12-26,-47.7519773857334,-36.416839961602896,-68.13974757825738,30.39573186388824
2001-12-27,-48.52829466744537,-35.476593663505476,-68.17464678675906,30.874404151965177
2001-12-28,-48.3840575186437,-34.76094621124337,-67.59764240614557,30.530387052921256
2001-12-29,-48.80388411576209,-34.06904881952728,-67.34643191507638,31.76798372319164
2001-12-30,-49.70471038645888,-33.019160169840326,-65.69074520376644,30.728727631448702
2001-12-31,-51.22610636001678,-33.48114864670093,-67.39859047733864,30.954876452776563
2002-01-01,-50.17122314936027,-35.2862997250221,-65.97564631233622,31.045586708425358
2002-01-02,-50.96658453440251,-33.89438570567733,-65.35002207672709,30.541604392375817
2002-01-03,-50.31432484909668,-33.76942871043623,-66.38033387522592,30.359558818591452
2002-01-04,-49.90164673384563,-34.21406700207507,-68.24533887847049,31.069394512971392
2002-01-05,-49.63875795426236,-34.86749810641405,-68.57313632418817,30.927261347306082
2002-01-06,-48.27760183611602,-35.069741025712986,-68.59345197281941,32.01120840902434
2002-01-07,-48.01503657807191,-36.707432293817405,-67.7377201682664,33.76352186803679
2002-01-08,-48.33070057039533,-35.45204780645854,-68.17034577325411,32.00013380703627
2002-01-09,-48.71867696714718,-35.2222324477797,-67.5161861402836,33.439830395464774
2002-01-10,-49.593130695561065,-34.87788320479069,-65.30732222435019,33.7014543388192
2002-01-11,-50.67723680234692,-36.21002173036688,-64.81948885404417,35.6598957656158
2002-01-12,-50.68155128650407,-36.21636344049699,-63.28603652640197,36.50021769764575
2002-01-13,-52.294435274184046,-35.57243167775833,-62.49874106176307,35.517093642920564
2002-01-14,-52.05923659258224,-34.461390684407704,-62.60856528462727,36.52748453764173
2002-01-15,-50.889242685486266,-35.634216551947695,-62.042104727248045,37.188379221553824
2002-01-16,-50.98870432366491,-36.66286534110062,-62.28934361819349,36.67886162460834
2002-01-17,-50.52397655881629,-37.114760965869756,-63.6029426581999,35.95152851519398
2002-01-18,-51.994005590047415,-37.363217830998245,-64.62539799821347,36.36622652244285
2002-01-19,-51.29905786503063,-36.540576966062964,-65.15419242029678,36.4427221625485
2002-01-20,-50.44225828879128,-36.29979313859269,-64.03089291204739,36.96443164189049
2002-01-21,-51.538651807951204,-36.69465804277483,-64.56686300435535,35.77542341457738
2002-01-22,-51.43096461761673,-36.89531746588124,-65.22615495347603,36.51405948305151
2002-01-23,-50.7846587779976,-37.859249916867014,-65.99070948141119,36.965495334495394
2002-01-24,-50.37446242728974,-37.835439041563724,-65.07512669046581,36.0233087332205
2002-01-25,-51.550151562971664,-38.87521554082951,-64.19930044390051,36.982092856206435
2002-01-26,-50.407744221218,-37.60611859252357,-65.20286094795927,37.58260781344274
2002-01-27,-52.24997640292564,-36.09161292479445,-67.21601030037667,38.48680560978973
2002-01-28,-53.69345390980067,-35.65503504843457,-67.62985800479599,38.26039197763886
2002-01-29,-54.11100688593201,-35.77870920985706,-66.62145717045456,37.92907181879066
2002-01-30,-54.71947149454964,-35.107833017136485,-66.02890566877959,37.63520181514334
2002-01-31,-55.16261221296635,-34.035774504717175,-65.09971665246391,37.0794766213234
2002-02-01,-54.02684058805141,-34.338188467089545,-64.5327637839433,36.72471608912455
2002-02-02,-53.55061527175584,-34.48065909941272,-64.7439139407633,37.40284165862876
2002-02-03,-54.21971242639184,-32.652408195944076,-64.88011099637778,38.467547053816
2002-02-04,-54.6527786797637,-32.378739786776485,-65.5549447633773,36.993173088905
2002-02-05,-57.189371304995895,-31.669580604634014,-65.02436515391622,36.48739704847783
2002-02-06,-58.976975095858315,-33.62011401274426,-65.80514558876145,37.053356132414926
2002-02-07,-57.4516352046931,-34.97181919736858,-66.29481616007634,35.968273451902064
2002-02-08,-58.55837486258284,-37.18907724923957,-66.6163122541162,36.018160711154415
2002-02-09,-58.78236274017042,-37.40438228774745,-66.81170243641373,35.2511814898477
2002-02-10,-58.003117441667534,-38.26843526474228,-66.7839888747612,36.52475311346807
2002-02-11,-57.20450373882083,-38.257670391678225,-67.93183815174568,37.36708857883134
2002-02-12,-56.4200102177279,-37.517962362083516,-67.29008147828861,38.03924870512025
2002-02-13,-55.481857919754674,-37.19431830815246,-65.81428678026093,38.91582840964988
2002-02-14,-54.98204847995665,-37.60493792776227,-65.257429162946,37.9636030129267
2002-02-15,-54.436189853505795,-35.80327226997296,-65.0560813972027,39.209304744691664
2002-02-16,-54.72670375143745,-36.92490105711996,-65.73986727421287,40.07849868441906
2002-02-17,-53.826434128474126,-38.50863104823866,-66.71834583585108,41.05363261874567
2002-02-18,-54.778474050370356,-38.87312147023186,-67.67728890484139,40.05120053543302
2002-02-19,-55.774891252635626,-37.36535711116428,-66.94243505020164,40.37819128824415
2002-02-20,-53.39978473943298,-38.94919610106144,-67.4776320172952,40.78558020780112
2002-02-21,-52.54519167966482,-36.03376805737382,-66.74651358192074,40.014205244907345
2002-02-22,-52.948275988852686,-36.92613731632831,-67.79450188882767,40.95417214325566
2002-02-23,-51.47481184956354,-38.780815860582926,-66.66363151568459,41.169509440941525
2002-02-24,-51.15465934902637,-39.74338754450476,-66.71741891054808,41.12386593444096
2002-02-25,-51.92675634292735,-41.450943574666276,-67.31085953609612,40.601962363289566
2002-02-26,-51.225692889090716,-41.94777169515366,-67.37870119993163,41.17130641261084
2002-02-27,-50.24106727633078,-42.86139137882451,-67.64445188385523,41.436413933364584
2002-02-28,-49.09503577224613,-42.2407564637112,-68.26615586501057,40.397169058213386
2002-03-01,-50.837486759459274,-41.600208797989254,-68.8296934882757,38.553950844521786
2002-03-02,-49.87683316090923,-41.8889573845289,-69.21451008055985,38.57844665617377
2002-03-03,-48.61154902206404,-42.12175231160962,-68.32797684100446,38.404489755126576
2002-03-04,-48.683908224594724,-41.702662169235694,-68.45550058754527,38.03770616027842
2002-03-05,-48.28265794510746,-43.47024561062723,-67.77651576838424,36.71444445715059
2002-03-06,-48.48772593839175,-42.36278428776759,-66.18217751899186,36.454056835386176
2002-03-07,-50.357517412517204,-41.82453012338696,-65.95617308148964,36.14938005456408
2002-03-08,-51.53058162107577,-41.51362299414817,-65.08233926639551,36.68486433653928
2002-03-09,-52.43309856882228,-40.76705960220244,-64.5826202837233,38.977522760587966
2002-03-10,-52.30450894201858,-39.3658560874039,-64.0868374219046,39.36568193261924
2002-03-11,-52.83687433576674,-40.7180082338279,-63.830158832763665,39.3382523092348
2002-03-12,-54.050271848084414,-40.99780429487914,-63.43172616003517,40.55539760429383
2002-03-13,-54.62290573923947,-40.71551629305407,-63.70467852939407,41.891485385758166
2002-03-14,-55.651877316550305,-40.22715747071621,-64.41602719225587,40.17314080594647
2002-03-15,-55.81711851426627,-40.645228106429435,-64.03423921435164,39.15936304942697
2002-03-16,-54.60967230103364,-41.06602482666961,-63.99089088167793,40.19507407874202
2002-03-17,-54.70713937699995,-42.228231897454506,-66.96745386660483,39.92938144447832
2002-03-18,-52.986104995402236,-40.366190955392234,-66.36316506456629,39.68327669337755
2002-03-19,-54.172843244371805,-39.990114853439756,-66.4985545052314,39.527071362407504
2002-03-20,-54.86353397706997,-39.84866185121559,-68.11903926697879,40.94765958392495
2002-03-21,-56.23007909090487,-40.960694414110066,-67.40623306121317,40.556982656733155
2002-03-22,-56.38761772936715,-40.263374532158046,-66.21006760205586,39.44623914475448
2002-03-23,-56.85183812014011,-40.67475140779415,-65.39027401981156,37.43955518380942
2002-03-24,-57.66987238214537,-38.98229379237469,-65.48121663989471,36.915108146852056
2002-03-25,-58.0839344685163,-37.257486937516546,-64.1327046090736,36.06099733599477
2002-03-26,-59.11839975491751,-36.90685438720487,-64.57536902158714,36.45546055284944
2002-03-27,-58.592205920059946,-37.32332055788411,-65.0412569165502,36.264668871672775
2002-03-28,-57.62511622581002,-37.657241087973766,-64.0661503584454,36.540011673443985
2002-03-29,-58.01057132078916,-37.90709869117113,-62.527903014064144,36.79570402548186
2002-03-30,-57.06413949459582,-38.3043242641348,-61.61882068642477,36.268202956708606
2002-03-31,-57.974856271409884,-36.23155047325097,-61.42203084401262,36.16092553987552
2002-04-01,-59.09743159777647,-36.69261609500805,-61.565057509881875,37.7093504526887
2002-04-02,-59.58824245414374,-37.58279009733226,-61.185653724198765,35.160656479587225
2002-04-03,-61.138232777132856,-39.067887663543814,-60.94852041142389,33.818609555908246
2002-04-04,-60.83971549279307,-40.11412885446203,-60.13294936897061,32.50755139943919
2002-04-05,-60.63565911206383,-40.83902290003463,-61.979482004270515,30.486990210554367
2002-04-06,-60.633263234662024,-41.08502220267916,-62.382659332205385,30.670303502201808
2002-04-07,-62.07997435361784,-41.13304708165179,-61.16066141331696,31.445908667501563
2002-04-08,-62.56825671029913,-40.80996139128689,-63.84710177667288,32.29875092909243
2002-04-09,-61.07945701715542,-40.650056230342614,-64.29724652234937,33.01104713396345
2002-04-10,-61.17451889634719,-39.20705267665405,-65.27401603858529,33.63304629466887
2002-04-11,-59.781097159257136,-39.50469712670261,-66.635892128648,34.63400159490079
2002-04-12,-58.46323253927006,-40.71235632374241,-65.57681506474636,34.33536297041456
2002-04-13,-58.43325092156579,-42.79942370821686,-65.45578577067288,33.195891967324016
2002-04-14,-58.617733885690846,-43.24953244430674,-66.30364306212512,33.68095710265947
2002-04-15,-58.67453597362697,-44.63813352616877,-66.67975043430678,31.290521331378955
2002-04-16,-57.88904684805673,-43.442273946124686,-65.8121245225236,32.29578090781331
2002-04-17,-57.30129358538781,-42.93217899359251,-65.37171728536654,30.1391365746439
2002-04-18,-55.971391286606675,-44.94062916594856,-66.06676865474678,30.118414705925836
2002-04-19,-55.593124715573985,-43.6598171142546,-67.48659216724771,30.70978753412552
2002-04-20,-55.07759596259091,-44.48267636864776,-68.28154902253058,30.97521748212259
2002-04-21,-56.569403875033245,-43.69750765177098,-68.6020559067114,31.12938189263525
2002-04-22,-56.80589992399386,-44.66585789050641,-68.70848412760297,29.806237634613847
2002-04-23,-56.5691613360625,-44.69394652038953,-70.11159397918732,29.72257360139185
2002-04-24,-57.565975160143466,-45.70355908049127,-69.5404398240654,29.881841567194897
2002-04-25,-58.43247834679781,-47.25880324912481,-68.84412910332229,29.198062306622777
2002-04-26,-59.232971188631886,-47.501589961232,-68.25129282712447,31.04349534596125
2002-04-27,-59.03881824262133,-48.5875709972736,-69.08790322855164,32.106837710305754
2002-04-28,-57.83872632524224,-48.26283769081158,-68.43542987464907,32.018256037640036
2002-04-29,-56.85381557873222,-49.00406078868201,-69.66875837739545,31.7848816785786
2002-04-30,-55.97455313177791,-49.420000853627826,-69.73091868574735,32.66410227440169
2002-05-01,-56.44682272101084,-48.26933863919966,-70.62253225208512,31.61012552924923
2002-05-02,-57.76466937031988,-47.44778080396556,-70.3077735938983,33.85364451268915
2002-05-03,-57.58115910891059,-48.20796130586165,-70.65437447866788,36.472245212923745
2002-05-04,-58.258037544346266,-47.571133037824154,-70.99798851310848,36.086243670386466
2002-05-05,-58.25027960036538,-48.009353021687815,-70.04790241354074,35.713667613504334
2002-05-06,-58.22396721995556,-48.25312418956024,-70.79677452238859,35.018877676697855
2002-05-07,-58.67408921383824,-49.41527307122305,-71.56352673724392,34.0379069690982
2002-05-08,-58.30224775881648,-50.269868180411514,-72.28962133381445,33.56728443624571
2002-05-09,-58.99330049064251,-51.34696608945056,-73.1923549101153,34.04793418673956
2002-05-10,-57.4927791699225,-51.51667609336525,-73.32912206840625,33.56754850881875
2002-05-11,-57.003141701704,-51.76718708497971,-74.12202094506435,34.570974506301994
2002-05-12,-57.035359084259106,-52.08852506188103,-75.8228969117864,35.74101202742467
2002-05-13,-58.26125497495845,-51.24649051062599,-75.51825693956512,35.74744108376813
2002-05-14,-59.356475586591614,-53.861911072236715,-74.96531780342391,34.88554682394149
2002-05-15,-60.8730144062181,-54.659073868300574,-72.21259840464289,33.17358935166936
2002-05-16,-60.238736451580486,-53.903230680999336,-71.54381970487916,32.96752368952874
2002-05-17,-60.58519670703451,-54.44260503996186,-71.45861645649342,32.47190742616904
2002-05-18,-59.50876842239779,-53.29775447868037,-72.1992609194309,31.187493546303287
2002-05-19,-57.706480749197446,-53.052396177625646,-72.67200305668145,30.466937423081497
2002-05-20,-59.28092855382607,-53.14960617566772,-72.98143292199286,32.21320132239463
2002-05-21,-58.35710060108253,-54.5577007874719,-72.22242660082946,31.517689111882405
2002-05-22,-57.405080353768945,-55.53803022846523,-72.0925025777788,31.633881959119023
2002-05-23,-56.41379542077318,-54.080270881297125,-73.80727121570858,32.07349189554563
2002-05-24,-56.961542689697794,-55.17751711268414,-74.46052295168424,30.82054068919437
2002-05-25,-58.35520766521294,-54.94354740806703,-73.36604281754545,32.27448592816899
2002-05-26,-58.870173190327016,-54.87965606381196,-73.27000163340954,32.619016671684996
2002-05-27,-58.843835289677855,-54.68136458938024,-72.85036583746226,32.79222763228244
2002-05-28,-56.50510909567735,-54.15411881915251,-71.4628718024096,32.38916310201355
2002-05-29,-55.92430347273754,-52.50427029347797,-71.95093263022031,32.455371112024906
2002-05-30,-56.3922861646696,-51.9986391331271,-70.39752836862868,32.23408351653412
2002-05-31,-56.06875080583673,-53.64703583019498,-70.49959260802537,32.095614090846425
2002-06-01,-56.042629349825106,-54.133423419925904,-71.41233558480141,31.30055799613984
2002-06-02,-54.80822372786733,-54.07528696356317,-70.87185934037062,30.240496858597012
2002-06-03,-55.46592187936821,-52.823207720280905,-70.31495940851075,29.250201467511364
2002-06-04,-56.06202321130085,-51.94302833570345,-69.53787136132188,28.81229511564535
2002-06-05,-57.00080660206962,-52.51220021303059,-68.45107531028323,27.291866478528878
2002-06-06,-56.435105352982916,-52.79057724597646,-67.95916674093762,27.084006276519045
2002-06-07,-55.85152523285938,-54.67552844632125,-68.52509797113623,26.056054366669603
2002-06-08,-56.1857141353836,-56.52434807026056,-68.80369868924039,26.220077094628635
2002-06-09,-57.615935974910606,-55.85512548446876,-70.41515394950221,28.141443364765497
2002-06-10,-57.79407123155387,-56.276966326697654,-68.8762227662312,27.623834243023072
2002-06-11,-60.09184845963258,-52.82691500158224,-67.88609019039495,26.42406647860105
2002-06-12,-61.221640034830976,-52.02263927349529,-67.58654246404997,27.430316762794433
2002-06-13,-58.706575650478854,-54.08084150727999,-65.90980008851835,27.44897325539249
2002-06-14,-57.21016034621209,-54.91775491768827,-68.36441556089609,29.075559063641325
2002-06-15,-57.48602936866869,-54.184713904174274,-69.75677914038154,27.51687594529203
2002-06-16,-57.707073634509236,-54.507456316171144,-70.38526718034426,27.876318946335868
2002-06-17,-59.16649880427693,-54.70533810488806,-69.87188323884769,24.91179400252899
2002-06-18,-57.97874907812951,-55.77659606336859,-71.52929250007989,24.842063453820266
2002-06-19,-56.989476550454675,-57.154261247686605,-72.42884080058317,22.948742728371144
2002-06-20,-56.2560133249037,-56.1476822902679,-72.41882041965555,24.550043858813794
2002-06-21,-56.514753887861616,-55.756211954715766,-72.57515871423837,23.427199083143204
2002-06-22,-56.43608010716206,-56.01004262510072,-72.73472364724036,23.952894611421275
2002-06-23,-55.95820169369359,-56.19833237510717,-72.82290967119742,23.912387831373422
2002-06-24,-56.159256625735516,-54.59017311087362,-72.54633239187736,24.415595754375772
2002-06-25,-56.50027219623646,-54.737231198044626,-72.85875309724909,23.681522487677928
2002-06-26,-57.3317385095531,-52.80288778440253,-73.4832709342729,23.543570794117752
2002-06-27,-57.509864774941235,-51.92706288420862,-71.65151047417774,22.38240922952273
2002-06-28,-57.06584741920122,-51.944231491504304,-72.24455103360236,23.594471544684648
2002-06-29,-57.91565503720201,-51.38173536955448,-71.83945670646946,22.41019687287619
2002-06-30,-59.83674036310374,-52.327722083996235,-70.7398478944224,23.13008432353221
2002-07-01,-62.03656592265769,-53.665287617468124,-69.60893317880843,22.522989899338835
2002-07-02,-63.863787737174924,-54.14898514571832,-70.75614174071586,22.641663568321277
2002-07-03,-63.67715067322276,-54.53494021474076,-71.48893224989338,23.939674488749176
2002-07-04,-62.72523042485413,-53.9462752301909,-70.13635918540817,23.42723480272778
2002-07-05,-64.78796764242344,-52.85819705826351,-71.23601020752747,23.849888758472055
2002-07-06,-64.93755684507128,-54.13396044722364,-72.33945598123304,21.786220415104133
2002-07-07,-62.844330551513295,-54.17096337088863,-72.30342112950866,22.38149034946751
2002-07-08,-62.39772241292391,-55.861339794730476,-72.7689267057325,22.00042386153114
2002-07-09,-62.858871162829224,-56.49446443103625,-74.61912834246908,22.495548451450766
2002-07-10,-63.46548209958036,-56.60696298096523,-72.82588763302851,20.574252279150155
2002-07-11,-65.12046801421927,-56.01239641849618,-74.07574726823808,20.350587237123044
2002-07-12,-64.11993745053722,-56.19047203020273,-75.1700981143473,22.607725885547843
2002-07-13,-64.08088486627568,-56.38100672894522,-75.71131511288267,21.898615054322526
2002-07-14,-65.07713208746499,-56.073278312092114,-74.30764789278074,20.24928788052491
2002-07-15,-65.55091644098134,-56.30906349751707,-72.18812248688454,19.233172141587794
2002-07-16,-66.26633430556976,-55.89789264392073,-69.52386789558918,19.703512571495924
2002-07-17,-65.38239305160201,-55.20450667367885,-70.10190945431545,20.754072473409117
2002-07-18,-64.59323966350429,-55.65865735368643,-71.6774242830578,22.043291912487202
2002-07-19,-64.81353990329379,-53.73913240828704,-72.00403426196812,21.56301044409146
2002-07-20,-65.71141625862478,-52.23818332024832,-71.07830955277268,20.855907114130666
2002-07-21,-64.4542666750632,-53.071732125221295,-71.40687823584086,21.861025055301717
2002-07-22,-64.27421879880049,-54.2523806627223,-70.10964493298812,20.357198411144623
2002-07-23,-65.24774576238445,-54.93125254815744,-70.9238156537383,19.46777667748357
2002-07-24,-65.43957546282101,-54.877495462881235,-70.07839826307584,19.194581894380768
2002-07-25,-64.97065542096115,-55.70421908328981,-70.94797151938279,20.374188233735524
2002-07-26,-67.49741398448595,-56.53848260801133,-70.58825753914178,20.211733758664085
2002-07-27,-66.7873258097804,-56.386120206547695,-72.3622972601265,19.41989758190306
2002-07-28,-64.88284057408548,-54.92143975418895,-69.86676575337033,17.37212229890847
2002-07-29,-65.1818940041254,-54.52607751855092,-70.0135063819222,17.72344081216312
2002-07-30,-64.29266877842537,-54.58562869949731,-70.41021543817476,18.54941380024689
2002-07-31,-63.80927835666121,-52.730552434228365,-68.38303943060797,17.95849942652856
2002-08-01,-64.41374174987567,-53.78508511676823,-68.46803055789341,16.907387148228192
2002-08-02,-64.29909291031724,-54.428443846544006,-68.52689829553492,15.57292713870123
2002-08-03,-64.29306629311961,-54.882072117697966,-69.93554252736972,15.580078081759252
2002-08-04,-64.79776841644906,-54.04982416340774,-69.95371048396933,14.07882721952508
2002-08-05,-65.08067818342231,-51.84511858137613,-72.24858708262991,16.162908248713695
2002-08-06,-64.79951104244165,-52.61747670796976,-71.16458977975725,15.590854956086538
2002-08-07,-65.0796549333147,-52.045951353434646,-71.12604367531459,15.262313962589381
2002-08-08,-66.30471877382864,-52.03813607764671,-72.9967738506954,15.939731252169816
2002-08-09,-66.77404089154484,-52.42265702401129,-73.43345849220515,16.154246141182483
2002-08-10,-65.49794510819491,-52.564802886104374,-73.76389605137928,15.36321078419115
2002-08-11,-65.9516354294006,-52.57775982192411,-73.25159984954625,14.12867249781296
2002-08-12,-66.78325608447776,-51.0997092517052,-71.92113468340891,14.519553569980701
2002-08-13,-65.06106463928991,-49.97943203289704,-72.13452034238803,14.257330612304415
2002-08-14,-64.51561221950092,-50.501948653492086,-70.60160267294367,12.700645220642086
2002-08-15,-63.50687078797543,-51.821350224116465,-70.54132069110729,13.296084752613313
2002-08-16,-64.69372700017189,-52.181902771213856,-70.9192038568079,14.050017643257094
2002-08-17,-62.87608153933257,-50.85169840884523,-70.0222616866995,14.947795753124327
2002-08-18,-62.65119467969016,-49.56037994317095,-68.44201634797393,13.884736190657486
2002-08-19,-61.534467595252266,-50.23605136929769,-68.20054214918353,12.895275580870544
2002-08-20,-61.21676306163957,-51.06042442980626,-70.47922709806575,13.913331601134189
2002-08-21,-61.0728773127734,-50.75425705699509,-70.4372565510341,11.673946509946308
2002-08-22,-62.06729232911519,-49.76553542502783,-70.19676635946763,11.748392309880293
2002-08-23,-60.92529925866307,-49.2339214420834,-72.08654936473486,12.73482311197048
2002-08-24,-61.91813999805358,-51.1126302803986,-72.4832743359387,12.7009747915412
2002-08-25,-62.85243011858787,-51.88179731137437,-70.25821494314603,11.624138829178598
2002-08-26,-62.645841702404375,-51.57286434336191,-69.77327489256479,12.647803662354399
2002-08-27,-63.65243413890042,-51.14853194776267,-69.42530514377867,10.510585844049867
2002-08-28,-62.265968818601486,-49.81895977210087,-70.55570325638145,11.012238871866801
2002-08-29,-62.99734614600238,-49.404777563925784,-70.22584656487348,11.327321140625406
2002-08-30,-62.674002604894525,-49.63164205246781,-69.98888222437584,11.778355281836737
2002-08-31,-63.86001759182036,-51.23519767180761,-70.64296510384223,10.964790695051983
2002-09-01,-63.33731119778146,-49.57079577727729,-69.21680576990609,9.817021916025968
2002-09-02,-62.42244944958152,-49.91252289466248,-70.12278901271608,8.91171593742097
2002-09-03,-62.800166173981815,-51.042724156359526,-70.7845558565674,7.482908225344959
2002-09-04,-64.26278391214882,-50.698940291355456,-69.24185626064573,7.938454052643058
2002-09-05,-65.36510790540177,-50.808226030503334,-66.96955480481986,9.309437370156136
2002-09-06,-67.9097644264069,-52.0559316919537,-68.36599530736322,8.594010339284557
2002-09-07,-67.51539947063527,-51.52592983479497,-69.18034724502593,9.697274382663402
2002-09-08,-67.59106866517298,-51.7279574963585,-69.2900153348704,8.793035138071518
2002-09-09,-66.69228889889163,-51.54681575374965,-68.89666525786643,8.63167210825689
2002-09-10,-67.13661778380542,-51.962164343944806,-68.96945673375602,7.449373569390205
2002-09-11,-67.46460269915062,-53.71867501007348,-69.03581996993873,8.384587162053684
2002-09-12,-67.57535034003796,-54.543355710376574,-69.92547968298558,7.598582927434436
2002-09-13,-67.56868613991662,-53.98404120544032,-69.45246570701333,6.334298049211314
2002-09-14,-67.90795353503621,-53.46804194830773,-68.88377367933424,7.48062055623229
2002-09-15,-67.7965210217489,-53.82637667926827,-67.99383449242308,7.391862332304987
2002-09-16,-65.65865637711326,-53.55037583699119,-69.33861589480617,6.799801298760393
2002-09-17,-67.85917044829543,-51.808762381102724,-69.952499790337,6.21902739688211
2002-09-18,-66.4253118194737,-51.87701781513082,-69.43559608689776,6.926366071821634
2002-09-19,-64.30008972479835,-50.57382894529446,-69.6347635701213,8.466328100314415
2002-09-20,-64.86625598292443,-51.03253461327761,-70.09389471884471,9.924021845877583
2002-09-21,-66.54892010870796,-50.21739864282744,-71.73777774097064,10.527115778001953
2002-09-22,-66.07864538865194,-49.74085495269537,-71.0029965330498,10.154777800754308
2002-09-23,-66.19119131341255,-48.66602422959125,-70.96860975214241,10.072000223287688
2002-09-24,-66.8173843117382,-47.784988780086366,-70.68754036275134,9.865146288172136
2002-09-25,-69.08902957577449,-47.962781623698106,-70.69264510737807,9.982229544513574
2002-09-26,-68.26584597463804,-49.45032098776969,-70.5295291581315,8.696146292556909
